{
  "device": "CPU",
  "model_params": 180480,
  "steps": 10,
  "losses": [
    6.500273704528809,
    6.481428623199463,
    6.018298149108887,
    5.800959587097168,
    5.6663312911987305,
    5.483193874359131,
    5.3912835121154785,
    5.247303485870361,
    5.2529730796813965,
    5.077693939208984,
    4.921823978424072
  ],
  "initial_loss": 6.500273704528809,
  "final_loss": 4.921823978424072,
  "improvement": 1.5784497261047363
}