{
  "device": "CPU",
  "model_params": 180480,
  "steps": 10,
  "losses": [
    6.522200584411621,
    6.506243705749512,
    5.91237211227417,
    5.670487403869629,
    5.515149116516113,
    5.3164777755737305,
    5.237850666046143,
    5.092311382293701,
    5.09666109085083,
    4.923585891723633,
    4.7688679695129395
  ],
  "initial_loss": 6.522200584411621,
  "final_loss": 4.7688679695129395,
  "improvement": 1.7533326148986816
}